{
  "name": "phantom",
  "css_prefix_text": "icon-",
  "css_use_suffix": false,
  "hinting": true,
  "units_per_em": 1000,
  "ascent": 850,
  "glyphs": [
    {
      "uid": "3e617d8049807e128c80d0344ba09e37",
      "css": "rss",
      "code": 59398,
      "src": "entypo"
    },
    {
      "uid": "d94334f23acba022bfd68e49d76b31bb",
      "css": "github",
      "code": 59392,
      "src": "entypo"
    },
    {
      "uid": "91daf8fde1042a363514ca7e42d89570",
      "css": "github-circled",
      "code": 59397,
      "src": "entypo"
    },
    {
      "uid": "d090355c31f497b61d676416c1fd39fb",
      "css": "twitter",
      "code": 59393,
      "src": "entypo"
    },
    {
      "uid": "0419da6446cb4f31093e2022793571ca",
      "css": "twitter-circled",
      "code": 59396,
      "src": "entypo"
    },
    {
      "uid": "b945f4ac2439565661e8e4878e35d379",
      "css": "gplus",
      "code": 59395,
      "src": "entypo"
    },
    {
      "uid": "818a6c2a76c89800632c0335e9cdafee",
      "css": "gplus-circled",
      "code": 59394,
      "src": "entypo"
    }
  ]
}