﻿<?xml version="1.0" encoding="UTF-8" standalone="no"?>
<umbPackage>
  <files>
    <file>
      <guid>0377e283-73e2-470b-8c79-de691b34de2a_package.manifest</guid>
      <orgPath>~/App_Plugins/Articulate</orgPath>
      <orgName>package.manifest</orgName>
    </file>
    <file>
      <guid>6121295f-5bf6-4306-81d3-92801e87c4d1_md-editor.css</guid>
      <orgPath>~/App_Plugins/Articulate/Assets</orgPath>
      <orgName>md-editor.css</orgName>
    </file>
    <file>
      <guid>aebc7194-b24e-4ac0-9755-69a18e3cc0a7_md-editor.js</guid>
      <orgPath>~/App_Plugins/Articulate/Assets</orgPath>
      <orgName>md-editor.js</orgName>
    </file>
    <file>
      <guid>77a4aa93-a57f-4f28-8c15-8f10ea864e41_Installer.ascx</guid>
      <orgPath>~/App_Plugins/Articulate/BackOffice</orgPath>
      <orgName>Installer.ascx</orgName>
    </file>
    <file>
      <guid>17e7f6fd-b330-4b78-bbfd-a004a50c9fc9_blogimporter.controller.js</guid>
      <orgPath>~/App_Plugins/Articulate/BackOffice/Dashboards</orgPath>
      <orgName>blogimporter.controller.js</orgName>
    </file>
    <file>
      <guid>9acf4607-64d1-40e2-87f1-61402942406f_blogimporter.html</guid>
      <orgPath>~/App_Plugins/Articulate/BackOffice/Dashboards</orgPath>
      <orgName>blogimporter.html</orgName>
    </file>
    <file>
      <guid>6f0175d3-f753-449d-a288-552b160147e4_themepicker.controller.js</guid>
      <orgPath>~/App_Plugins/Articulate/BackOffice/PropertyEditors</orgPath>
      <orgName>themepicker.controller.js</orgName>
    </file>
    <file>
      <guid>fa5dc9e8-cb5a-4ad1-a5fe-648d6cdf333d_ThemePicker.html</guid>
      <orgPath>~/App_Plugins/Articulate/BackOffice/PropertyEditors</orgPath>
      <orgName>ThemePicker.html</orgName>
    </file>
    <file>
      <guid>da4be06d-2b40-4dbe-b132-0d796e4e28f9_normalize.css</guid>
      <orgPath>~/App_Plugins/Articulate/Themes/Edictum/Assets/css</orgPath>
      <orgName>normalize.css</orgName>
    </file>
    <file>
      <guid>c3269075-fb76-4951-9b8d-df57d6632ec3_style.css</guid>
      <orgPath>~/App_Plugins/Articulate/Themes/Edictum/Assets/css</orgPath>
      <orgName>style.css</orgName>
    </file>
    <file>
      <guid>e7a24b29-d36e-4aa3-8cd2-5b62d79c00f0_modernizr.js</guid>
      <orgPath>~/App_Plugins/Articulate/Themes/Edictum/Assets/js</orgPath>
      <orgName>modernizr.js</orgName>
    </file>
    <file>
      <guid>83a2baf8-30e3-4bc9-a172-3f8e3642c40f_List.cshtml</guid>
      <orgPath>~/App_Plugins/Articulate/Themes/Edictum/Views</orgPath>
      <orgName>List.cshtml</orgName>
    </file>
    <file>
      <guid>19e2c9b1-dbb4-43da-afaf-22512179cd5c_Master.cshtml</guid>
      <orgPath>~/App_Plugins/Articulate/Themes/Edictum/Views</orgPath>
      <orgName>Master.cshtml</orgName>
    </file>
    <file>
      <guid>4cdc5c55-8e5c-4b74-a449-7b167b8393bb_Post.cshtml</guid>
      <orgPath>~/App_Plugins/Articulate/Themes/Edictum/Views</orgPath>
      <orgName>Post.cshtml</orgName>
    </file>
    <file>
      <guid>d975b0c7-5869-482b-b752-b430326e54b3_Web.config</guid>
      <orgPath>~/App_Plugins/Articulate/Themes/Edictum/Views</orgPath>
      <orgName>Web.config</orgName>
    </file>
    <file>
      <guid>ffb503e0-b06e-41a0-8b5a-205770c6730d_Header.cshtml</guid>
      <orgPath>~/App_Plugins/Articulate/Themes/Edictum/Views/Partials</orgPath>
      <orgName>Header.cshtml</orgName>
    </file>
    <file>
      <guid>8149a66f-a06b-4d35-a514-034e4f68ef4f_Pager.cshtml</guid>
      <orgPath>~/App_Plugins/Articulate/Themes/Edictum/Views/Partials</orgPath>
      <orgName>Pager.cshtml</orgName>
    </file>
    <file>
      <guid>46584b2e-78c6-4e18-a4be-1117ddc5b225_PostTags.cshtml</guid>
      <orgPath>~/App_Plugins/Articulate/Themes/Edictum/Views/Partials</orgPath>
      <orgName>PostTags.cshtml</orgName>
    </file>
    <file>
      <guid>e0764315-85ee-4ad4-bb93-a8f5c2490ade_styles.css</guid>
      <orgPath>~/App_Plugins/Articulate/Themes/Material/Assets/css</orgPath>
      <orgName>styles.css</orgName>
    </file>
    <file>
      <guid>288d809f-9b92-449f-8846-adb9a0c03129_List.cshtml</guid>
      <orgPath>~/App_Plugins/Articulate/Themes/Material/Views</orgPath>
      <orgName>List.cshtml</orgName>
    </file>
    <file>
      <guid>1a2bd424-12e4-4b0d-add6-5a51fb3aaccc_Master.cshtml</guid>
      <orgPath>~/App_Plugins/Articulate/Themes/Material/Views</orgPath>
      <orgName>Master.cshtml</orgName>
    </file>
    <file>
      <guid>f97aa4ca-54af-4e55-9375-5e226ad18c33_Post.cshtml</guid>
      <orgPath>~/App_Plugins/Articulate/Themes/Material/Views</orgPath>
      <orgName>Post.cshtml</orgName>
    </file>
    <file>
      <guid>a91c8e83-eaf0-44f3-8eb9-8a765dfec748_Tags.cshtml</guid>
      <orgPath>~/App_Plugins/Articulate/Themes/Material/Views</orgPath>
      <orgName>Tags.cshtml</orgName>
    </file>
    <file>
      <guid>f8e92917-14ee-437a-8e04-2ec5049540ef_Web.config</guid>
      <orgPath>~/App_Plugins/Articulate/Themes/Material/Views</orgPath>
      <orgName>Web.config</orgName>
    </file>
    <file>
      <guid>40d1c468-245d-4c0e-a2d8-0d71e82b3eb5_AuthorInfo.cshtml</guid>
      <orgPath>~/App_Plugins/Articulate/Themes/Material/Views/Partials</orgPath>
      <orgName>AuthorInfo.cshtml</orgName>
    </file>
    <file>
      <guid>197408f8-130c-4de8-a5ae-c91c3dc88ace_CommentsDisqus.cshtml</guid>
      <orgPath>~/App_Plugins/Articulate/Themes/Material/Views/Partials</orgPath>
      <orgName>CommentsDisqus.cshtml</orgName>
    </file>
    <file>
      <guid>6fda78b5-c6e6-49a7-b5de-70b16b6e7b35_CommentsFacebook.cshtml</guid>
      <orgPath>~/App_Plugins/Articulate/Themes/Material/Views/Partials</orgPath>
      <orgName>CommentsFacebook.cshtml</orgName>
    </file>
    <file>
      <guid>2224ab67-38a4-470e-ae2a-1a11a33212c8_CommentsGooglePlus.cshtml</guid>
      <orgPath>~/App_Plugins/Articulate/Themes/Material/Views/Partials</orgPath>
      <orgName>CommentsGooglePlus.cshtml</orgName>
    </file>
    <file>
      <guid>f38a4b0c-5887-4b1d-adfa-d6a8c1072b28_Footer.cshtml</guid>
      <orgPath>~/App_Plugins/Articulate/Themes/Material/Views/Partials</orgPath>
      <orgName>Footer.cshtml</orgName>
    </file>
    <file>
      <guid>c61839ae-bb7c-4ab1-b523-c358482e127f_Menu.cshtml</guid>
      <orgPath>~/App_Plugins/Articulate/Themes/Material/Views/Partials</orgPath>
      <orgName>Menu.cshtml</orgName>
    </file>
    <file>
      <guid>1ad7c740-dcf1-488e-a1da-13d3b27647c8_Pager.cshtml</guid>
      <orgPath>~/App_Plugins/Articulate/Themes/Material/Views/Partials</orgPath>
      <orgName>Pager.cshtml</orgName>
    </file>
    <file>
      <guid>5829cb55-fd01-4d34-99d3-7291b3a48dd1_PostImageHeader.cshtml</guid>
      <orgPath>~/App_Plugins/Articulate/Themes/Material/Views/Partials</orgPath>
      <orgName>PostImageHeader.cshtml</orgName>
    </file>
    <file>
      <guid>25d32977-c540-4b1b-89fe-27354c53bfd9_PostTags.cshtml</guid>
      <orgPath>~/App_Plugins/Articulate/Themes/Material/Views/Partials</orgPath>
      <orgName>PostTags.cshtml</orgName>
    </file>
    <file>
      <guid>35bf0102-e453-4283-ba42-2b475bb41c50_SearchBox.cshtml</guid>
      <orgPath>~/App_Plugins/Articulate/Themes/Material/Views/Partials</orgPath>
      <orgName>SearchBox.cshtml</orgName>
    </file>
    <file>
      <guid>3a9a8705-926d-44e7-989d-2047f243a4d2_TitleTile.cshtml</guid>
      <orgPath>~/App_Plugins/Articulate/Themes/Material/Views/Partials</orgPath>
      <orgName>TitleTile.cshtml</orgName>
    </file>
    <file>
      <guid>6e2547aa-1709-4b07-a0b6-d57a2867383b_base.css</guid>
      <orgPath>~/App_Plugins/Articulate/Themes/Mini/Assets/css</orgPath>
      <orgName>base.css</orgName>
    </file>
    <file>
      <guid>bf967daa-3bf1-4e0a-8bd7-31f4ae6cdda9_style.css</guid>
      <orgPath>~/App_Plugins/Articulate/Themes/Mini/Assets/css</orgPath>
      <orgName>style.css</orgName>
    </file>
    <file>
      <guid>6d832f75-2754-422b-a90b-75dd74c92eee_List.cshtml</guid>
      <orgPath>~/App_Plugins/Articulate/Themes/Mini/Views</orgPath>
      <orgName>List.cshtml</orgName>
    </file>
    <file>
      <guid>8152d2c6-6b27-4c21-9a68-a504a1d71e27_Master.cshtml</guid>
      <orgPath>~/App_Plugins/Articulate/Themes/Mini/Views</orgPath>
      <orgName>Master.cshtml</orgName>
    </file>
    <file>
      <guid>23f022e5-2095-492d-9c8d-44d03c377722_Post.cshtml</guid>
      <orgPath>~/App_Plugins/Articulate/Themes/Mini/Views</orgPath>
      <orgName>Post.cshtml</orgName>
    </file>
    <file>
      <guid>7d6f1bba-8402-49c8-b905-740f49b2da9f_Web.config</guid>
      <orgPath>~/App_Plugins/Articulate/Themes/Mini/Views</orgPath>
      <orgName>Web.config</orgName>
    </file>
    <file>
      <guid>36e60ef7-bfa6-4de9-a383-051da8bb904a_CommentsDisqus.cshtml</guid>
      <orgPath>~/App_Plugins/Articulate/Themes/Mini/Views/Partials</orgPath>
      <orgName>CommentsDisqus.cshtml</orgName>
    </file>
    <file>
      <guid>3afd63f8-378e-4b66-be7f-12ce7a200906_CommentsFacebook.cshtml</guid>
      <orgPath>~/App_Plugins/Articulate/Themes/Mini/Views/Partials</orgPath>
      <orgName>CommentsFacebook.cshtml</orgName>
    </file>
    <file>
      <guid>1ebcdf85-955c-4ba4-8b5e-4375dc5c480b_CommentsGooglePlus.cshtml</guid>
      <orgPath>~/App_Plugins/Articulate/Themes/Mini/Views/Partials</orgPath>
      <orgName>CommentsGooglePlus.cshtml</orgName>
    </file>
    <file>
      <guid>32c537ec-d610-40b9-9703-a8cb1d07f5da_Footer.cshtml</guid>
      <orgPath>~/App_Plugins/Articulate/Themes/Mini/Views/Partials</orgPath>
      <orgName>Footer.cshtml</orgName>
    </file>
    <file>
      <guid>f9432939-ebbd-47a2-99ed-a079f6344e5b_Header.cshtml</guid>
      <orgPath>~/App_Plugins/Articulate/Themes/Mini/Views/Partials</orgPath>
      <orgName>Header.cshtml</orgName>
    </file>
    <file>
      <guid>f730546f-2476-4f33-939c-c8b8425ce695_Menu.cshtml</guid>
      <orgPath>~/App_Plugins/Articulate/Themes/Mini/Views/Partials</orgPath>
      <orgName>Menu.cshtml</orgName>
    </file>
    <file>
      <guid>479099c2-5acf-44e4-8168-ab70545f2cc0_Pager.cshtml</guid>
      <orgPath>~/App_Plugins/Articulate/Themes/Mini/Views/Partials</orgPath>
      <orgName>Pager.cshtml</orgName>
    </file>
    <file>
      <guid>7861778e-01f7-4a72-a401-3562450275fe_PostTags.cshtml</guid>
      <orgPath>~/App_Plugins/Articulate/Themes/Mini/Views/Partials</orgPath>
      <orgName>PostTags.cshtml</orgName>
    </file>
    <file>
      <guid>2f23ed10-e3ee-45f8-8278-9693c4e6ae9e_Share.cshtml</guid>
      <orgPath>~/App_Plugins/Articulate/Themes/Mini/Views/Partials</orgPath>
      <orgName>Share.cshtml</orgName>
    </file>
    <file>
      <guid>5a2af56e-9ed1-4812-8537-a0dd09219c43_normalize.css</guid>
      <orgPath>~/App_Plugins/Articulate/Themes/Phantom/Assets/css</orgPath>
      <orgName>normalize.css</orgName>
    </file>
    <file>
      <guid>5d615528-5aa5-49e3-8589-6de39f0c41f3_site.css</guid>
      <orgPath>~/App_Plugins/Articulate/Themes/Phantom/Assets/css</orgPath>
      <orgName>site.css</orgName>
    </file>
    <file>
      <guid>ee1f7bae-1cfc-48a9-8c4a-d0c92f1970d9_config.json</guid>
      <orgPath>~/App_Plugins/Articulate/Themes/Phantom/Assets/fonts</orgPath>
      <orgName>config.json</orgName>
    </file>
    <file>
      <guid>ac70c4e1-7644-4550-aaea-7bc67ecfb8dc_phantom.eot</guid>
      <orgPath>~/App_Plugins/Articulate/Themes/Phantom/Assets/fonts</orgPath>
      <orgName>phantom.eot</orgName>
    </file>
    <file>
      <guid>7acd372f-fae5-410e-9500-483445a55e25_phantom.svg</guid>
      <orgPath>~/App_Plugins/Articulate/Themes/Phantom/Assets/fonts</orgPath>
      <orgName>phantom.svg</orgName>
    </file>
    <file>
      <guid>d2e71aa0-a6a2-4aec-9c42-b2aa15b568ff_phantom.ttf</guid>
      <orgPath>~/App_Plugins/Articulate/Themes/Phantom/Assets/fonts</orgPath>
      <orgName>phantom.ttf</orgName>
    </file>
    <file>
      <guid>8f9c734b-d443-4b80-aff7-c7fe544169c3_phantom.woff</guid>
      <orgPath>~/App_Plugins/Articulate/Themes/Phantom/Assets/fonts</orgPath>
      <orgName>phantom.woff</orgName>
    </file>
    <file>
      <guid>c6f880a7-1aa6-46c1-8216-0bc0497875ec_List.cshtml</guid>
      <orgPath>~/App_Plugins/Articulate/Themes/Phantom/Views</orgPath>
      <orgName>List.cshtml</orgName>
    </file>
    <file>
      <guid>2771927f-4f74-479d-81ff-72a60095f775_Master.cshtml</guid>
      <orgPath>~/App_Plugins/Articulate/Themes/Phantom/Views</orgPath>
      <orgName>Master.cshtml</orgName>
    </file>
    <file>
      <guid>6769415d-e7c8-4229-9a24-116d04ca2eee_Post.cshtml</guid>
      <orgPath>~/App_Plugins/Articulate/Themes/Phantom/Views</orgPath>
      <orgName>Post.cshtml</orgName>
    </file>
    <file>
      <guid>65bbc39c-225b-47e7-b8bb-0967e08a97ac_Web.config</guid>
      <orgPath>~/App_Plugins/Articulate/Themes/Phantom/Views</orgPath>
      <orgName>Web.config</orgName>
    </file>
    <file>
      <guid>7496e5d3-3d0a-44cd-9a0f-42ceafd23c8b_CommentsDisqus.cshtml</guid>
      <orgPath>~/App_Plugins/Articulate/Themes/Phantom/Views/Partials</orgPath>
      <orgName>CommentsDisqus.cshtml</orgName>
    </file>
    <file>
      <guid>b90ba7d9-849c-48c0-8028-dae17fa08d59_CommentsFacebook.cshtml</guid>
      <orgPath>~/App_Plugins/Articulate/Themes/Phantom/Views/Partials</orgPath>
      <orgName>CommentsFacebook.cshtml</orgName>
    </file>
    <file>
      <guid>cf1da5c0-3b8e-421a-8ee5-9ae9ae653e4e_CommentsGooglePlus.cshtml</guid>
      <orgPath>~/App_Plugins/Articulate/Themes/Phantom/Views/Partials</orgPath>
      <orgName>CommentsGooglePlus.cshtml</orgName>
    </file>
    <file>
      <guid>95f55efa-420f-46fb-a9a9-267d421e751e_Menu.cshtml</guid>
      <orgPath>~/App_Plugins/Articulate/Themes/Phantom/Views/Partials</orgPath>
      <orgName>Menu.cshtml</orgName>
    </file>
    <file>
      <guid>9a62daa1-f156-4ce7-a5bd-e09fcb4dddba_Pager.cshtml</guid>
      <orgPath>~/App_Plugins/Articulate/Themes/Phantom/Views/Partials</orgPath>
      <orgName>Pager.cshtml</orgName>
    </file>
    <file>
      <guid>b2077ae2-349b-4904-8af3-246697b75a02_PostTags.cshtml</guid>
      <orgPath>~/App_Plugins/Articulate/Themes/Phantom/Views/Partials</orgPath>
      <orgName>PostTags.cshtml</orgName>
    </file>
    <file>
      <guid>410610a3-d976-4e14-8277-40e2f5366a6d_SearchBox.cshtml</guid>
      <orgPath>~/App_Plugins/Articulate/Themes/Phantom/Views/Partials</orgPath>
      <orgName>SearchBox.cshtml</orgName>
    </file>
    <file>
      <guid>1d94f8c2-3146-4a8a-b741-64ea099c0740_Sidebar.cshtml</guid>
      <orgPath>~/App_Plugins/Articulate/Themes/Phantom/Views/Partials</orgPath>
      <orgName>Sidebar.cshtml</orgName>
    </file>
    <file>
      <guid>d8bcd671-73d1-4af4-a114-b45c10f40376_responsive.min.css</guid>
      <orgPath>~/App_Plugins/Articulate/Themes/Shazwazza/Assets/css</orgPath>
      <orgName>responsive.min.css</orgName>
    </file>
    <file>
      <guid>57d81710-65a3-4b4e-b272-6a8fce0abef2_style.css</guid>
      <orgPath>~/App_Plugins/Articulate/Themes/Shazwazza/Assets/css</orgPath>
      <orgName>style.css</orgName>
    </file>
    <file>
      <guid>e64ceab9-25c2-452f-a1a8-dedf8c2fbef5_author.gif</guid>
      <orgPath>~/App_Plugins/Articulate/Themes/Shazwazza/Assets/img</orgPath>
      <orgName>author.gif</orgName>
    </file>
    <file>
      <guid>70973d9c-9d87-4f21-9689-a89d2bb6b39a_background.png</guid>
      <orgPath>~/App_Plugins/Articulate/Themes/Shazwazza/Assets/img</orgPath>
      <orgName>background.png</orgName>
    </file>
    <file>
      <guid>4cd0dfec-032a-42fa-9a95-2c311fe901a1_bg70.png</guid>
      <orgPath>~/App_Plugins/Articulate/Themes/Shazwazza/Assets/img</orgPath>
      <orgName>bg70.png</orgName>
    </file>
    <file>
      <guid>8c6b80f4-b583-417f-8caf-216cb536f1e9_bg80.png</guid>
      <orgPath>~/App_Plugins/Articulate/Themes/Shazwazza/Assets/img</orgPath>
      <orgName>bg80.png</orgName>
    </file>
    <file>
      <guid>412ff8e7-f907-4d6f-bfcf-be89c6a1cc3b_bgcode.gif</guid>
      <orgPath>~/App_Plugins/Articulate/Themes/Shazwazza/Assets/img</orgPath>
      <orgName>bgcode.gif</orgName>
    </file>
    <file>
      <guid>80d2938b-039b-4a3b-ae65-ff1134ded969_comments.gif</guid>
      <orgPath>~/App_Plugins/Articulate/Themes/Shazwazza/Assets/img</orgPath>
      <orgName>comments.gif</orgName>
    </file>
    <file>
      <guid>764aff11-7562-4b74-ad79-5f98f82ac2a5_favicon.ico</guid>
      <orgPath>~/App_Plugins/Articulate/Themes/Shazwazza/Assets/img</orgPath>
      <orgName>favicon.ico</orgName>
    </file>
    <file>
      <guid>d31958d3-c15b-4ecf-8d72-41df8dbd6eec_frogMini.png</guid>
      <orgPath>~/App_Plugins/Articulate/Themes/Shazwazza/Assets/img</orgPath>
      <orgName>frogMini.png</orgName>
    </file>
    <file>
      <guid>3216a92a-b776-4fbd-a9fd-cc3736360c91_li.gif</guid>
      <orgPath>~/App_Plugins/Articulate/Themes/Shazwazza/Assets/img</orgPath>
      <orgName>li.gif</orgName>
    </file>
    <file>
      <guid>52a57fa9-d382-4fa5-9017-112a09a29e34_nav_li.gif</guid>
      <orgPath>~/App_Plugins/Articulate/Themes/Shazwazza/Assets/img</orgPath>
      <orgName>nav_li.gif</orgName>
    </file>
    <file>
      <guid>6dd94ff4-074d-4cff-8b23-e43fe65bfd05_quote.gif</guid>
      <orgPath>~/App_Plugins/Articulate/Themes/Shazwazza/Assets/img</orgPath>
      <orgName>quote.gif</orgName>
    </file>
    <file>
      <guid>3879b569-17e7-4348-8e6c-a46393acccc3_timeicon.gif</guid>
      <orgPath>~/App_Plugins/Articulate/Themes/Shazwazza/Assets/img</orgPath>
      <orgName>timeicon.gif</orgName>
    </file>
    <file>
      <guid>3f977b28-7396-4f14-81b2-992730ba8b6d_responsive.ie10mobilefix.min.js</guid>
      <orgPath>~/App_Plugins/Articulate/Themes/Shazwazza/Assets/js</orgPath>
      <orgName>responsive.ie10mobilefix.min.js</orgName>
    </file>
    <file>
      <guid>549cdf6a-95ab-4331-8b78-8ea88297c23d_List.cshtml</guid>
      <orgPath>~/App_Plugins/Articulate/Themes/Shazwazza/Views</orgPath>
      <orgName>List.cshtml</orgName>
    </file>
    <file>
      <guid>eb538324-499b-498c-b2e0-69b69ae4ae53_Master.cshtml</guid>
      <orgPath>~/App_Plugins/Articulate/Themes/Shazwazza/Views</orgPath>
      <orgName>Master.cshtml</orgName>
    </file>
    <file>
      <guid>29751a5e-cabc-4816-a68e-12d84d77f1b9_Post.cshtml</guid>
      <orgPath>~/App_Plugins/Articulate/Themes/Shazwazza/Views</orgPath>
      <orgName>Post.cshtml</orgName>
    </file>
    <file>
      <guid>11abf6e1-769d-4493-a760-4e165de18e0e_Tags.cshtml</guid>
      <orgPath>~/App_Plugins/Articulate/Themes/Shazwazza/Views</orgPath>
      <orgName>Tags.cshtml</orgName>
    </file>
    <file>
      <guid>600caffc-7c3e-4207-949f-e3d8bcd27965_Web.config</guid>
      <orgPath>~/App_Plugins/Articulate/Themes/Shazwazza/Views</orgPath>
      <orgName>Web.config</orgName>
    </file>
    <file>
      <guid>801fcac9-8818-4990-ba77-dee99ca40545_Categories.cshtml</guid>
      <orgPath>~/App_Plugins/Articulate/Themes/Shazwazza/Views/Partials</orgPath>
      <orgName>Categories.cshtml</orgName>
    </file>
    <file>
      <guid>df6b1815-ee87-441a-aab3-c25aba19bc9a_CommentsDisqus.cshtml</guid>
      <orgPath>~/App_Plugins/Articulate/Themes/Shazwazza/Views/Partials</orgPath>
      <orgName>CommentsDisqus.cshtml</orgName>
    </file>
    <file>
      <guid>1aae6569-6e86-4c30-a669-7d0c1eabbf24_CommentsFacebook.cshtml</guid>
      <orgPath>~/App_Plugins/Articulate/Themes/Shazwazza/Views/Partials</orgPath>
      <orgName>CommentsFacebook.cshtml</orgName>
    </file>
    <file>
      <guid>3f2984a3-dd8d-4994-be3e-aea00b45fdeb_CommentsGooglePlus.cshtml</guid>
      <orgPath>~/App_Plugins/Articulate/Themes/Shazwazza/Views/Partials</orgPath>
      <orgName>CommentsGooglePlus.cshtml</orgName>
    </file>
    <file>
      <guid>878147c1-363b-4120-8b80-8d57589775fb_FeedDelicious.cshtml</guid>
      <orgPath>~/App_Plugins/Articulate/Themes/Shazwazza/Views/Partials</orgPath>
      <orgName>FeedDelicious.cshtml</orgName>
    </file>
    <file>
      <guid>8f85229a-6d4d-425f-868d-9f1eb1caa370_FeedGitHub.cshtml</guid>
      <orgPath>~/App_Plugins/Articulate/Themes/Shazwazza/Views/Partials</orgPath>
      <orgName>FeedGitHub.cshtml</orgName>
    </file>
    <file>
      <guid>0255bffb-9ae4-4df5-be47-dc78ac7d9da9_Follow.cshtml</guid>
      <orgPath>~/App_Plugins/Articulate/Themes/Shazwazza/Views/Partials</orgPath>
      <orgName>Follow.cshtml</orgName>
    </file>
    <file>
      <guid>c17a918f-e0d8-4653-b03b-d3383c9e7f9e_Menu.cshtml</guid>
      <orgPath>~/App_Plugins/Articulate/Themes/Shazwazza/Views/Partials</orgPath>
      <orgName>Menu.cshtml</orgName>
    </file>
    <file>
      <guid>1b9659d7-7e76-4a73-a250-a8093cfd86ca_Pager.cshtml</guid>
      <orgPath>~/App_Plugins/Articulate/Themes/Shazwazza/Views/Partials</orgPath>
      <orgName>Pager.cshtml</orgName>
    </file>
    <file>
      <guid>e40cf6d8-9748-4cd5-a4db-848f94c57c76_Post.cshtml</guid>
      <orgPath>~/App_Plugins/Articulate/Themes/Shazwazza/Views/Partials</orgPath>
      <orgName>Post.cshtml</orgName>
    </file>
    <file>
      <guid>56729870-8667-40ef-9a5e-eccb8bcd19c0_Recent.cshtml</guid>
      <orgPath>~/App_Plugins/Articulate/Themes/Shazwazza/Views/Partials</orgPath>
      <orgName>Recent.cshtml</orgName>
    </file>
    <file>
      <guid>6d652f39-0bc3-4e99-b713-7b5ae8e22c13_SearchBox.cshtml</guid>
      <orgPath>~/App_Plugins/Articulate/Themes/Shazwazza/Views/Partials</orgPath>
      <orgName>SearchBox.cshtml</orgName>
    </file>
    <file>
      <guid>6993ca5e-4324-4fb8-925a-5774db3fd894_Sharing.cshtml</guid>
      <orgPath>~/App_Plugins/Articulate/Themes/Shazwazza/Views/Partials</orgPath>
      <orgName>Sharing.cshtml</orgName>
    </file>
    <file>
      <guid>09fe07c0-9fd8-4331-a038-cc31543dce2d_SideWidgets.cshtml</guid>
      <orgPath>~/App_Plugins/Articulate/Themes/Shazwazza/Views/Partials</orgPath>
      <orgName>SideWidgets.cshtml</orgName>
    </file>
    <file>
      <guid>790c39dc-5b35-4d1b-b33b-782a6abdd295_TagCloud.cshtml</guid>
      <orgPath>~/App_Plugins/Articulate/Themes/Shazwazza/Views/Partials</orgPath>
      <orgName>TagCloud.cshtml</orgName>
    </file>
    <file>
      <guid>196fc16d-1777-4bd6-b660-c88ea0cc7de8_normalize.css</guid>
      <orgPath>~/App_Plugins/Articulate/Themes/VAPOR/Assets/css</orgPath>
      <orgName>normalize.css</orgName>
    </file>
    <file>
      <guid>c2da6871-25b5-4706-a0e9-1a0013810381_screen.css</guid>
      <orgPath>~/App_Plugins/Articulate/Themes/VAPOR/Assets/css</orgPath>
      <orgName>screen.css</orgName>
    </file>
    <file>
      <guid>1e8b0cd9-dd39-4fb9-8c49-6b081f3c4102_icons.eot</guid>
      <orgPath>~/App_Plugins/Articulate/Themes/VAPOR/Assets/fonts</orgPath>
      <orgName>icons.eot</orgName>
    </file>
    <file>
      <guid>b2257244-7cae-4a35-adb2-a7f7a85dcc96_icons.svg</guid>
      <orgPath>~/App_Plugins/Articulate/Themes/VAPOR/Assets/fonts</orgPath>
      <orgName>icons.svg</orgName>
    </file>
    <file>
      <guid>e1ac2e92-abd5-4e30-9ed3-22714334f105_icons.ttf</guid>
      <orgPath>~/App_Plugins/Articulate/Themes/VAPOR/Assets/fonts</orgPath>
      <orgName>icons.ttf</orgName>
    </file>
    <file>
      <guid>9eb6dbb5-ef11-42b0-bf42-a40c7b1d855a_icons.woff</guid>
      <orgPath>~/App_Plugins/Articulate/Themes/VAPOR/Assets/fonts</orgPath>
      <orgName>icons.woff</orgName>
    </file>
    <file>
      <guid>b197ee0c-62fe-492c-99ed-37ada9474c1b_List.cshtml</guid>
      <orgPath>~/App_Plugins/Articulate/Themes/VAPOR/Views</orgPath>
      <orgName>List.cshtml</orgName>
    </file>
    <file>
      <guid>7d7f6764-aea4-435f-8490-66352eca5836_Master.cshtml</guid>
      <orgPath>~/App_Plugins/Articulate/Themes/VAPOR/Views</orgPath>
      <orgName>Master.cshtml</orgName>
    </file>
    <file>
      <guid>e83e6b33-8e1e-4f22-a63c-767e6f97812a_Post.cshtml</guid>
      <orgPath>~/App_Plugins/Articulate/Themes/VAPOR/Views</orgPath>
      <orgName>Post.cshtml</orgName>
    </file>
    <file>
      <guid>c7f838b3-578e-4727-bb15-585fe7514bb6_Tags.cshtml</guid>
      <orgPath>~/App_Plugins/Articulate/Themes/VAPOR/Views</orgPath>
      <orgName>Tags.cshtml</orgName>
    </file>
    <file>
      <guid>0cc39cea-fae3-484d-8bc9-28c86458d970_Web.config</guid>
      <orgPath>~/App_Plugins/Articulate/Themes/VAPOR/Views</orgPath>
      <orgName>Web.config</orgName>
    </file>
    <file>
      <guid>032bb459-30d2-48b6-9247-438ff5401ef2_CommentsDisqus.cshtml</guid>
      <orgPath>~/App_Plugins/Articulate/Themes/VAPOR/Views/Partials</orgPath>
      <orgName>CommentsDisqus.cshtml</orgName>
    </file>
    <file>
      <guid>d5abcce9-bf32-4b21-8601-63e119b69ba0_CommentsFacebook.cshtml</guid>
      <orgPath>~/App_Plugins/Articulate/Themes/VAPOR/Views/Partials</orgPath>
      <orgName>CommentsFacebook.cshtml</orgName>
    </file>
    <file>
      <guid>ade3ff67-025a-4515-bc24-ab0ee453c415_CommentsGooglePlus.cshtml</guid>
      <orgPath>~/App_Plugins/Articulate/Themes/VAPOR/Views/Partials</orgPath>
      <orgName>CommentsGooglePlus.cshtml</orgName>
    </file>
    <file>
      <guid>3831a4a0-9ba9-4042-a3fc-1c22c20b1810_FooterDescription.cshtml</guid>
      <orgPath>~/App_Plugins/Articulate/Themes/VAPOR/Views/Partials</orgPath>
      <orgName>FooterDescription.cshtml</orgName>
    </file>
    <file>
      <guid>0bec08be-c56b-4b47-823f-f1174b6b4ec7_HeaderDescription.cshtml</guid>
      <orgPath>~/App_Plugins/Articulate/Themes/VAPOR/Views/Partials</orgPath>
      <orgName>HeaderDescription.cshtml</orgName>
    </file>
    <file>
      <guid>d03569ef-65c2-4b0b-887b-8cf20226ebc5_Menu.cshtml</guid>
      <orgPath>~/App_Plugins/Articulate/Themes/VAPOR/Views/Partials</orgPath>
      <orgName>Menu.cshtml</orgName>
    </file>
    <file>
      <guid>0ae42dc6-0387-465f-8a4c-32eabc651b76_Pager.cshtml</guid>
      <orgPath>~/App_Plugins/Articulate/Themes/VAPOR/Views/Partials</orgPath>
      <orgName>Pager.cshtml</orgName>
    </file>
    <file>
      <guid>41486f2c-9150-4ab8-a808-6c2be4e3859a_PostTags.cshtml</guid>
      <orgPath>~/App_Plugins/Articulate/Themes/VAPOR/Views/Partials</orgPath>
      <orgName>PostTags.cshtml</orgName>
    </file>
    <file>
      <guid>db124e86-7f0b-468f-ab3b-6e74c389603e_SearchBox.cshtml</guid>
      <orgPath>~/App_Plugins/Articulate/Themes/VAPOR/Views/Partials</orgPath>
      <orgName>SearchBox.cshtml</orgName>
    </file>
    <file>
      <guid>9bc00909-99a5-4e9e-9c3e-e5068a541a0d_MarkdownEditor.cshtml</guid>
      <orgPath>~/App_Plugins/Articulate/Views</orgPath>
      <orgName>MarkdownEditor.cshtml</orgName>
    </file>
    <file>
      <guid>3c1f1f21-a435-49eb-9e18-dab80934726d_Web.config</guid>
      <orgPath>~/App_Plugins/Articulate/Views</orgPath>
      <orgName>Web.config</orgName>
    </file>
    <file>
      <guid>57e092d3-1ca2-4d4d-9e36-1cfb02c48a1a_Articulate.dll</guid>
      <orgPath>~/bin</orgPath>
      <orgName>Articulate.dll</orgName>
    </file>
    <file>
      <guid>19fdaf42-9263-467d-86dd-2fe5448b824e_Argotic.Common.dll</guid>
      <orgPath>~/bin</orgPath>
      <orgName>Argotic.Common.dll</orgName>
    </file>
    <file>
      <guid>0935572a-1faf-4985-9351-3de10da533e3_Argotic.Extensions.dll</guid>
      <orgPath>~/bin</orgPath>
      <orgName>Argotic.Extensions.dll</orgName>
    </file>
    <file>
      <guid>f0e34b51-7add-4f24-a66f-243e6b633911_Argotic.Core.dll</guid>
      <orgPath>~/bin</orgPath>
      <orgName>Argotic.Core.dll</orgName>
    </file>
    <file>
      <guid>91702d43-1b10-445d-97c0-f5417e443201_Articulate.pdb</guid>
      <orgPath>~/bin</orgPath>
      <orgName>Articulate.pdb</orgName>
    </file>
    <file>
      <guid>30920c3a-aeb2-4c7f-927e-6ff0d021e3d4_MarkdownDeep.dll</guid>
      <orgPath>~/bin</orgPath>
      <orgName>MarkdownDeep.dll</orgName>
    </file>
    <file>
      <guid>5a237d38-d17c-4976-995a-59d8f8d7671a_random-mask.jpg</guid>
      <orgPath>~/media/articulate/default</orgPath>
      <orgName>random-mask.jpg</orgName>
    </file>
    <file>
      <guid>ddd4bdb2-2a76-4e95-a827-4a5e4d8460e3_capture3.png</guid>
      <orgPath>~/media/articulate/default</orgPath>
      <orgName>capture3.png</orgName>
    </file>
    <file>
      <guid>6b0981bf-0bb3-4888-ad6b-6cfc0e28a940_7406981406_1aff1cb527_o.jpg</guid>
      <orgPath>~/media/articulate/default</orgPath>
      <orgName>7406981406_1aff1cb527_o.jpg</orgName>
    </file>
  </files>
  <info>
    <package>
      <name>Articulate</name>
      <version>1.1.0</version>
      <license url="http://opensource.org/licenses/MIT">MIT License</license>
      <url>https://github.com/Shandem/Articulate/</url>
      <requirements>
        <major>3</major>
        <minor>0</minor>
        <patch>0</patch>
      </requirements>
    </package>
    <author>
      <name>Shannon Deminick</name>
      <website>http://shazwazza.com</website>
    </author>
    <readme><![CDATA[Blogging built on Umbraco

Supporting all the features you'd want in a blogging platform:

* Categories & Tags
* Themes
* Live Writer support
* Markdown support
* Easily post from your mobile phone including adding images and photos direct from you camera
* Disqus, Google+ or Facebook comment support
* Search
* Blogml import/export
** During import we can also export a compatible XML so you can easily import your comments to Disqus
* RSS
** Built in or custom feed
** Feeds per category/tag
* Customizable urls
* Author profiles]]></readme>
  </info>
  <DocumentTypes>
    <DocumentType>
      <Info>
        <Name>Articulate</Name>
        <Alias>Articulate</Alias>
        <Icon>icon-voice color-blue</Icon>
        <Thumbnail>folder.png</Thumbnail>
        <Description />
        <AllowAtRoot>True</AllowAtRoot>
        <IsListView>False</IsListView>
        <Compositions />
        <AllowedTemplates />
        <DefaultTemplate />
      </Info>
      <Structure>
        <DocumentType>ArticulateArchive</DocumentType>
        <DocumentType>ArticulateAuthors</DocumentType>
      </Structure>
      <GenericProperties>
        <GenericProperty>
          <Name>Blog Title</Name>
          <Alias>blogTitle</Alias>
          <Type>Umbraco.Textbox</Type>
          <Definition>0cc0eba1-9960-42c9-bf9b-60e150b429ae</Definition>
          <Tab>Blog</Tab>
          <Mandatory>True</Mandatory>
          <Validation />
          <Description><![CDATA[]]></Description>
        </GenericProperty>
        <GenericProperty>
          <Name>Blog Description</Name>
          <Alias>blogDescription</Alias>
          <Type>Umbraco.TextboxMultiple</Type>
          <Definition>c6bac0dd-4ab9-45b1-8e30-e4b619ee5da3</Definition>
          <Tab>Blog</Tab>
          <Mandatory>False</Mandatory>
          <Validation />
          <Description><![CDATA[]]></Description>
        </GenericProperty>
        <GenericProperty>
          <Name>Google Analytics Id</Name>
          <Alias>googleAnalyticsId</Alias>
          <Type>Umbraco.Textbox</Type>
          <Definition>0cc0eba1-9960-42c9-bf9b-60e150b429ae</Definition>
          <Tab>Blog</Tab>
          <Mandatory>False</Mandatory>
          <Validation />
          <Description><![CDATA[Your Google Analytics Id (i.e. UA-123456789 )]]></Description>
        </GenericProperty>
        <GenericProperty>
          <Name>Google Analytics Name</Name>
          <Alias>googleAnalyticsName</Alias>
          <Type>Umbraco.Textbox</Type>
          <Definition>0cc0eba1-9960-42c9-bf9b-60e150b429ae</Definition>
          <Tab>Blog</Tab>
          <Mandatory>False</Mandatory>
          <Validation />
          <Description><![CDATA[The site name associated with your Google Analytics (i.e. mysite.com )]]></Description>
        </GenericProperty>
        <GenericProperty>
          <Name>Disqus Shortname</Name>
          <Alias>disqusShortname</Alias>
          <Type>Umbraco.Textbox</Type>
          <Definition>0cc0eba1-9960-42c9-bf9b-60e150b429ae</Definition>
          <Tab>Blog</Tab>
          <Mandatory>False</Mandatory>
          <Validation />
          <Description><![CDATA[]]></Description>
        </GenericProperty>
        <GenericProperty>
          <Name>Custom RSS Feed Url</Name>
          <Alias>customRssFeedUrl</Alias>
          <Type>Umbraco.Textbox</Type>
          <Definition>0cc0eba1-9960-42c9-bf9b-60e150b429ae</Definition>
          <Tab>Blog</Tab>
          <Mandatory>False</Mandatory>
          <Validation />
          <Description><![CDATA[Optional custom rss feed URL (i.e. if you use feedburner, etc...)]]></Description>
        </GenericProperty>
        <GenericProperty>
          <Name>PageSize</Name>
          <Alias>pageSize</Alias>
          <Type>Umbraco.Integer</Type>
          <Definition>2e6d3631-066e-44b8-aec4-96f09099b2b5</Definition>
          <Tab>Customize</Tab>
          <Mandatory>True</Mandatory>
          <Validation />
          <Description><![CDATA[]]></Description>
        </GenericProperty>
        <GenericProperty>
          <Name>Categories Page Name</Name>
          <Alias>categoriesPageName</Alias>
          <Type>Umbraco.Textbox</Type>
          <Definition>0cc0eba1-9960-42c9-bf9b-60e150b429ae</Definition>
          <Tab>Customize</Tab>
          <Mandatory>False</Mandatory>
          <Validation />
          <Description><![CDATA[The page title for the categories listing]]></Description>
        </GenericProperty>
        <GenericProperty>
          <Name>Categories Url Name</Name>
          <Alias>categoriesUrlName</Alias>
          <Type>Umbraco.Textbox</Type>
          <Definition>0cc0eba1-9960-42c9-bf9b-60e150b429ae</Definition>
          <Tab>Customize</Tab>
          <Mandatory>True</Mandatory>
          <Validation />
          <Description><![CDATA[]]></Description>
        </GenericProperty>
        <GenericProperty>
          <Name>Tags Page Name</Name>
          <Alias>tagsPageName</Alias>
          <Type>Umbraco.Textbox</Type>
          <Definition>0cc0eba1-9960-42c9-bf9b-60e150b429ae</Definition>
          <Tab>Customize</Tab>
          <Mandatory>False</Mandatory>
          <Validation />
          <Description><![CDATA[The page title for the tags listing]]></Description>
        </GenericProperty>
        <GenericProperty>
          <Name>Tags Url Name</Name>
          <Alias>tagsUrlName</Alias>
          <Type>Umbraco.Textbox</Type>
          <Definition>0cc0eba1-9960-42c9-bf9b-60e150b429ae</Definition>
          <Tab>Customize</Tab>
          <Mandatory>True</Mandatory>
          <Validation />
          <Description><![CDATA[]]></Description>
        </GenericProperty>
        <GenericProperty>
          <Name>Search Page Name</Name>
          <Alias>searchPageName</Alias>
          <Type>Umbraco.Textbox</Type>
          <Definition>0cc0eba1-9960-42c9-bf9b-60e150b429ae</Definition>
          <Tab>Customize</Tab>
          <Mandatory>False</Mandatory>
          <Validation />
          <Description><![CDATA[The page title for the search results]]></Description>
        </GenericProperty>
        <GenericProperty>
          <Name>Search Url Name</Name>
          <Alias>searchUrlName</Alias>
          <Type>Umbraco.Textbox</Type>
          <Definition>0cc0eba1-9960-42c9-bf9b-60e150b429ae</Definition>
          <Tab>Customize</Tab>
          <Mandatory>False</Mandatory>
          <Validation />
          <Description><![CDATA[]]></Description>
        </GenericProperty>
        <GenericProperty>
          <Name>Theme</Name>
          <Alias>theme</Alias>
          <Type>ArticulateThemePicker</Type>
          <Definition>8b57d00e-5593-45d3-affe-24203b239bd3</Definition>
          <Tab>Style</Tab>
          <Mandatory>False</Mandatory>
          <Validation />
          <Description><![CDATA[]]></Description>
        </GenericProperty>
        <GenericProperty>
          <Name>Blog Logo</Name>
          <Alias>blogLogo</Alias>
          <Type>Umbraco.ImageCropper</Type>
          <Definition>c8f535ee-27b8-4d16-940d-d6c523851bb1</Definition>
          <Tab>Style</Tab>
          <Mandatory>False</Mandatory>
          <Validation />
          <Description><![CDATA[Optional logo]]></Description>
        </GenericProperty>
        <GenericProperty>
          <Name>Blog Banner</Name>
          <Alias>blogBanner</Alias>
          <Type>Umbraco.ImageCropper</Type>
          <Definition>c8f535ee-27b8-4d16-940d-d6c523851bb1</Definition>
          <Tab>Style</Tab>
          <Mandatory>False</Mandatory>
          <Validation />
          <Description><![CDATA[Optional blog banner]]></Description>
        </GenericProperty>
      </GenericProperties>
      <Tabs>
        <Tab>
          <Id>12</Id>
          <Caption>Blog</Caption>
          <SortOrder>0</SortOrder>
        </Tab>
        <Tab>
          <Id>13</Id>
          <Caption>Customize</Caption>
          <SortOrder>1</SortOrder>
        </Tab>
        <Tab>
          <Id>14</Id>
          <Caption>Style</Caption>
          <SortOrder>2</SortOrder>
        </Tab>
      </Tabs>
    </DocumentType>
    <DocumentType>
      <Info>
        <Name>Articulate Archive</Name>
        <Alias>ArticulateArchive</Alias>
        <Icon>icon-list color-blue</Icon>
        <Thumbnail>folder.png</Thumbnail>
        <Description />
        <AllowAtRoot>False</AllowAtRoot>
        <IsListView>True</IsListView>
        <Compositions />
        <AllowedTemplates />
        <DefaultTemplate />
      </Info>
      <Structure>
        <DocumentType>ArticulateMarkdown</DocumentType>
        <DocumentType>ArticulateRichText</DocumentType>
      </Structure>
      <GenericProperties>
        <GenericProperty>
          <Name>Umbraco Url Name</Name>
          <Alias>umbracoUrlName</Alias>
          <Type>Umbraco.Textbox</Type>
          <Definition>0cc0eba1-9960-42c9-bf9b-60e150b429ae</Definition>
          <Tab />
          <Mandatory>False</Mandatory>
          <Validation />
          <Description><![CDATA[The Umbraco Url Name for this node, this will be the prefix URL for each blog post]]></Description>
        </GenericProperty>
      </GenericProperties>
      <Tabs />
    </DocumentType>
    <DocumentType>
      <Info>
        <Name>Articulate Author</Name>
        <Alias>ArticulateAuthor</Alias>
        <Icon>.sprTreeFolder</Icon>
        <Thumbnail>folder.png</Thumbnail>
        <Description />
        <AllowAtRoot>False</AllowAtRoot>
        <IsListView>False</IsListView>
        <Compositions />
        <AllowedTemplates />
        <DefaultTemplate />
      </Info>
      <Structure />
      <GenericProperties>
        <GenericProperty>
          <Name>Author Bio</Name>
          <Alias>authorBio</Alias>
          <Type>Umbraco.TextboxMultiple</Type>
          <Definition>c6bac0dd-4ab9-45b1-8e30-e4b619ee5da3</Definition>
          <Tab>Author info</Tab>
          <Mandatory>False</Mandatory>
          <Validation />
          <Description><![CDATA[Description of the author]]></Description>
        </GenericProperty>
        <GenericProperty>
          <Name>Author Url</Name>
          <Alias>authorUrl</Alias>
          <Type>Umbraco.Textbox</Type>
          <Definition>0cc0eba1-9960-42c9-bf9b-60e150b429ae</Definition>
          <Tab>Author info</Tab>
          <Mandatory>False</Mandatory>
          <Validation />
          <Description><![CDATA[A url to link to the author's website]]></Description>
        </GenericProperty>
        <GenericProperty>
          <Name>Author Image</Name>
          <Alias>authorImage</Alias>
          <Type>Umbraco.ImageCropper</Type>
          <Definition>c8f535ee-27b8-4d16-940d-d6c523851bb1</Definition>
          <Tab>Author info</Tab>
          <Mandatory>False</Mandatory>
          <Validation />
          <Description><![CDATA[]]></Description>
        </GenericProperty>
      </GenericProperties>
      <Tabs>
        <Tab>
          <Id>15</Id>
          <Caption>Author info</Caption>
          <SortOrder>0</SortOrder>
        </Tab>
      </Tabs>
    </DocumentType>
    <DocumentType>
      <Info>
        <Name>Articulate Authors</Name>
        <Alias>ArticulateAuthors</Alias>
        <Icon>icon-user-females-alt color-blue</Icon>
        <Thumbnail>folder.png</Thumbnail>
        <Description />
        <AllowAtRoot>False</AllowAtRoot>
        <IsListView>True</IsListView>
        <Compositions />
        <AllowedTemplates />
        <DefaultTemplate />
      </Info>
      <Structure>
        <DocumentType>ArticulateAuthor</DocumentType>
      </Structure>
      <GenericProperties />
      <Tabs />
    </DocumentType>
    <DocumentType>
      <Info>
        <Name>Articulate Post</Name>
        <Alias>ArticulatePost</Alias>
        <Icon>.sprTreeFolder</Icon>
        <Thumbnail>folder.png</Thumbnail>
        <Description />
        <AllowAtRoot>False</AllowAtRoot>
        <IsListView>False</IsListView>
        <Compositions />
        <AllowedTemplates />
        <DefaultTemplate />
      </Info>
      <Structure />
      <GenericProperties>
        <GenericProperty>
          <Name>Import Id</Name>
          <Alias>importId</Alias>
          <Type>Umbraco.NoEdit</Type>
          <Definition>f0bc4bfb-b499-40d6-ba86-058885a5178c</Definition>
          <Tab />
          <Mandatory>False</Mandatory>
          <Validation />
          <Description><![CDATA[Used during a blogml import process to ensure that re-importing does not create duplicate posts.]]></Description>
        </GenericProperty>
        <GenericProperty>
          <Name>umbracoUrlAlias</Name>
          <Alias>umbracoUrlAlias</Alias>
          <Type>Umbraco.Textbox</Type>
          <Definition>0cc0eba1-9960-42c9-bf9b-60e150b429ae</Definition>
          <Tab />
          <Mandatory>False</Mandatory>
          <Validation />
          <Description><![CDATA[]]></Description>
        </GenericProperty>
        <GenericProperty>
          <Name>Author</Name>
          <Alias>author</Alias>
          <Type>Umbraco.Textbox</Type>
          <Definition>0cc0eba1-9960-42c9-bf9b-60e150b429ae</Definition>
          <Tab>Post Attributes</Tab>
          <Mandatory>True</Mandatory>
          <Validation />
          <Description><![CDATA[]]></Description>
        </GenericProperty>
        <GenericProperty>
          <Name>Excerpt</Name>
          <Alias>excerpt</Alias>
          <Type>Umbraco.TextboxMultiple</Type>
          <Definition>c6bac0dd-4ab9-45b1-8e30-e4b619ee5da3</Definition>
          <Tab>Post Attributes</Tab>
          <Mandatory>False</Mandatory>
          <Validation />
          <Description><![CDATA[]]></Description>
        </GenericProperty>
        <GenericProperty>
          <Name>Categories</Name>
          <Alias>categories</Alias>
          <Type>Umbraco.Tags</Type>
          <Definition>a72aeb12-5b28-4a47-b99a-fde14d49c1ac</Definition>
          <Tab>Post Attributes</Tab>
          <Mandatory>False</Mandatory>
          <Validation />
          <Description><![CDATA[]]></Description>
        </GenericProperty>
        <GenericProperty>
          <Name>Tags</Name>
          <Alias>tags</Alias>
          <Type>Umbraco.Tags</Type>
          <Definition>f8404fdc-7667-4184-95c3-125b1d81314d</Definition>
          <Tab>Post Attributes</Tab>
          <Mandatory>False</Mandatory>
          <Validation />
          <Description><![CDATA[]]></Description>
        </GenericProperty>
        <GenericProperty>
          <Name>Slug</Name>
          <Alias>umbracoUrlName</Alias>
          <Type>Umbraco.Textbox</Type>
          <Definition>0cc0eba1-9960-42c9-bf9b-60e150b429ae</Definition>
          <Tab>Post Attributes</Tab>
          <Mandatory>False</Mandatory>
          <Validation />
          <Description><![CDATA[If left blank then umbraco will auto-generate the URL name based on the node name]]></Description>
        </GenericProperty>
        <GenericProperty>
          <Name>Published Date</Name>
          <Alias>publishedDate</Alias>
          <Type>Umbraco.DateTime</Type>
          <Definition>e4d66c0f-b935-4200-81f0-025f7256b89a</Definition>
          <Tab>Post Attributes</Tab>
          <Mandatory>False</Mandatory>
          <Validation />
          <Description><![CDATA[This is the date that the document will be shown as published on your website]]></Description>
        </GenericProperty>
        <GenericProperty>
          <Name>Enable Comments</Name>
          <Alias>enableComments</Alias>
          <Type>Umbraco.TrueFalse</Type>
          <Definition>92897bc6-a5f3-4ffe-ae27-f2e7e33dda49</Definition>
          <Tab>Post Attributes</Tab>
          <Mandatory>False</Mandatory>
          <Validation />
          <Description><![CDATA[]]></Description>
        </GenericProperty>
      </GenericProperties>
      <Tabs>
        <Tab>
          <Id>16</Id>
          <Caption>Post Attributes</Caption>
          <SortOrder>0</SortOrder>
        </Tab>
      </Tabs>
    </DocumentType>
    <DocumentType>
      <Info>
        <Name>Articulate Markdown</Name>
        <Alias>ArticulateMarkdown</Alias>
        <Icon>icon-post-it color-blue</Icon>
        <Thumbnail>folder.png</Thumbnail>
        <Description />
        <AllowAtRoot>False</AllowAtRoot>
        <IsListView>False</IsListView>
        <Master>ArticulatePost</Master>
        <Compositions>
          <Composition>ArticulatePost</Composition>
        </Compositions>
        <AllowedTemplates />
        <DefaultTemplate />
      </Info>
      <Structure />
      <GenericProperties>
        <GenericProperty>
          <Name>Markdown</Name>
          <Alias>markdown</Alias>
          <Type>Articulate.MarkdownEditor</Type>
          <Definition>31d931c7-ce89-40a1-934e-664be25a1e8c</Definition>
          <Tab>Content</Tab>
          <Mandatory>False</Mandatory>
          <Validation />
          <Description><![CDATA[]]></Description>
        </GenericProperty>
      </GenericProperties>
      <Tabs>
        <Tab>
          <Id>17</Id>
          <Caption>Content</Caption>
          <SortOrder>0</SortOrder>
        </Tab>
      </Tabs>
    </DocumentType>
    <DocumentType>
      <Info>
        <Name>Articulate Rich Text</Name>
        <Alias>ArticulateRichText</Alias>
        <Icon>icon-post-it color-blue</Icon>
        <Thumbnail>folder.png</Thumbnail>
        <Description />
        <AllowAtRoot>False</AllowAtRoot>
        <IsListView>False</IsListView>
        <Master>ArticulatePost</Master>
        <Compositions>
          <Composition>ArticulatePost</Composition>
        </Compositions>
        <AllowedTemplates />
        <DefaultTemplate />
      </Info>
      <Structure />
      <GenericProperties>
        <GenericProperty>
          <Name>Rich Text</Name>
          <Alias>richText</Alias>
          <Type>Umbraco.TinyMCEv3</Type>
          <Definition>dbcb0707-021d-4cd4-ba8b-5cc891516c28</Definition>
          <Tab>Content</Tab>
          <Mandatory>False</Mandatory>
          <Validation />
          <Description><![CDATA[]]></Description>
        </GenericProperty>
      </GenericProperties>
      <Tabs>
        <Tab>
          <Id>18</Id>
          <Caption>Content</Caption>
          <SortOrder>0</SortOrder>
        </Tab>
      </Tabs>
    </DocumentType>
  </DocumentTypes>
  <Templates />
  <Stylesheets />
  <Macros />
  <DictionaryItems />
  <Languages />
  <DataTypes>
    <DataType Name="Articulate Categories" Id="Umbraco.Tags" Definition="a72aeb12-5b28-4a47-b99a-fde14d49c1ac" DatabaseType="Nvarchar">
      <PreValues>
        <PreValue Id="6" Value="ArticulateCategories" Alias="group" />
      </PreValues>
    </DataType>
    <DataType Name="Articulate Cropper" Id="Umbraco.ImageCropper" Definition="c8f535ee-27b8-4d16-940d-d6c523851bb1" DatabaseType="Ntext">
      <PreValues>
        <PreValue Id="7" Value="[]" Alias="crops" />
      </PreValues>
    </DataType>
    <DataType Name="Articulate Markdown" Id="Articulate.MarkdownEditor" Definition="31d931c7-ce89-40a1-934e-664be25a1e8c" DatabaseType="Ntext">
      <PreValues>
        <PreValue Id="8" Value="1" Alias="preview" />
        <PreValue Id="9" Value="" Alias="defaultValue" />
      </PreValues>
    </DataType>
    <DataType Name="Articulate Rich Text" Id="Umbraco.TinyMCEv3" Definition="dbcb0707-021d-4cd4-ba8b-5cc891516c28" DatabaseType="Ntext">
      <PreValues>
        <PreValue Id="10" Value="{&#xD;&#xA;  &quot;toolbar&quot;: [&#xD;&#xA;    &quot;code&quot;,&#xD;&#xA;    &quot;bold&quot;,&#xD;&#xA;    &quot;italic&quot;,&#xD;&#xA;    &quot;underline&quot;,&#xD;&#xA;    &quot;strikethrough&quot;,&#xD;&#xA;    &quot;alignleft&quot;,&#xD;&#xA;    &quot;aligncenter&quot;,&#xD;&#xA;    &quot;alignright&quot;,&#xD;&#xA;    &quot;bullist&quot;,&#xD;&#xA;    &quot;numlist&quot;,&#xD;&#xA;    &quot;link&quot;,&#xD;&#xA;    &quot;unlink&quot;,&#xD;&#xA;    &quot;anchor&quot;,&#xD;&#xA;    &quot;umbmediapicker&quot;,&#xD;&#xA;    &quot;umbembeddialog&quot;,&#xD;&#xA;    &quot;hr&quot;&#xD;&#xA;  ],&#xD;&#xA;  &quot;stylesheets&quot;: [],&#xD;&#xA;  &quot;dimensions&quot;: {&#xD;&#xA;    &quot;height&quot;: 500&#xD;&#xA;  }&#xD;&#xA;}" Alias="editor" />
        <PreValue Id="11" Value="1" Alias="hideLabel" />
      </PreValues>
    </DataType>
    <DataType Name="Articulate Tags" Id="Umbraco.Tags" Definition="f8404fdc-7667-4184-95c3-125b1d81314d" DatabaseType="Nvarchar">
      <PreValues>
        <PreValue Id="12" Value="ArticulateTags" Alias="group" />
      </PreValues>
    </DataType>
    <DataType Name="Articulate Theme Picker" Id="ArticulateThemePicker" Definition="8b57d00e-5593-45d3-affe-24203b239bd3" DatabaseType="Nvarchar">
      <PreValues />
    </DataType>
  </DataTypes>
  <control>~/App_Plugins/Articulate/BackOffice/Installer.ascx</control>
  <Actions>
    <Action runat="install" undo="true" alias="addDashboardSection" dashboardAlias="ArticulateImportDashboard">
      <section alias="ArticulateBlogImporterSection">
        <areas>
          <area>developer</area>
        </areas>
        <tab caption="Articulate Importer">
          <control showOnce="false" addPanel="true" panelCaption="">
              ~/App_Plugins/Articulate/BackOffice/Dashboards/BlogImporter.html
            </control>
        </tab>
      </section>
    </Action>
  </Actions>
</umbPackage>